model,f1_score,accuracy,accuracy@5,precision_score,recall_score
jamba,0.9840654448379935,0.9856979145318291,0.990777897832486,0.9841334994945523,0.9856979145318291
bert,0.9829500639698734,0.9849956851718178,0.9909503521008616,0.9825308439829264,0.9849956851718178
gpt2,0.9828628553372459,0.9849509952726758,0.9897788221227526,0.9828667483054521,0.9849509952726758
mamba,0.982841027522374,0.9848876160973866,0.9909178761183527,0.9827459276227191,0.9848876160973866
lstm,0.9827036907538337,0.9848760397982115,0.9903277965845015,0.9823989219459303,0.9848760397982115
